id,first_name,last_name,email,gender,ip_address
1,Dulcinea,Gwatkins,dgwatkins0@wikia.com,Female,129.28.118.93
2,Devondra,Pattington,dpattington1@sina.com.cn,Female,53.136.19.103
3,Calli,Jiracek,cjiracek2@mozilla.org,Female,169.8.181.123
4,Malanie,Kezor,mkezor3@dedecms.com,Polygender,213.50.193.213
5,Brietta,Blemen,bblemen4@infoseek.co.jp,Female,19.126.87.49
6,Johnette,Clemenson,jclemenson5@sciencedirect.com,Female,251.167.190.169
7,Clemens,Lyptratt,clyptratt6@bluehost.com,Male,140.146.126.184
8,Lina,Dunaway,ldunaway7@samsung.com,Female,72.33.117.146
9,Lydie,Anthiftle,lanthiftle8@nature.com,Female,67.91.205.93
10,Bronnie,Ledgley,bledgley9@usatoday.com,Male,3.54.23.127
11,Collen,Woolford,cwoolforda@webs.com,Female,187.130.44.76
12,Glendon,MacKaig,gmackaigb@gnu.org,Male,87.191.237.247
13,Benito,Bountiff,bbountiffc@utexas.edu,Male,5.92.183.172
14,Aigneis,Skipsea,askipsead@howstuffworks.com,Polygender,162.183.128.230
15,Magdalene,Allmark,mallmarke@upenn.edu,Genderqueer,204.17.249.214